{
  "properties": {
    "connectionReferences": {
      "shared_uiflow": {
        "runtimeSource": "embedded",
        "connection": {
          "connectionReferenceLogicalName": "cr27d_shareduiflow_7f19b"
        },
        "api": {
          "name": "shared_uiflow"
        }
      },
      "shared_office365": {
        "runtimeSource": "embedded",
        "connection": {
          "connectionReferenceLogicalName": "cr27d_sharedoffice365_047ed"
        },
        "api": {
          "name": "shared_office365"
        }
      },
      "shared_commondataserviceforapps": {
        "runtimeSource": "embedded",
        "connection": {
          "connectionReferenceLogicalName": "cr27d_sharedcommondataserviceforapps_3b49c"
        },
        "api": {
          "name": "shared_commondataserviceforapps"
        }
      }
    },
    "definition": {
      "$schema": "https://schema.management.azure.com/providers/Microsoft.Logic/schemas/2016-06-01/workflowdefinition.json#",
      "contentVersion": "1.0.0.0",
      "parameters": {
        "$connections": {
          "defaultValue": {},
          "type": "Object"
        },
        "$authentication": {
          "defaultValue": {},
          "type": "SecureObject"
        }
      },
      "triggers": {
        "When_a_new_email_arrives_(V3)": {
          "splitOn": "@triggerOutputs()?['body/value']",
          "metadata": {
            "operationMetadataId": "e62112db-f841-4976-ad99-a4ecb3c0fa3b"
          },
          "type": "OpenApiConnectionNotification",
          "inputs": {
            "host": {
              "connectionName": "shared_office365",
              "operationId": "OnNewEmailV3",
              "apiId": "/providers/Microsoft.PowerApps/apis/shared_office365"
            },
            "parameters": {
              "folderPath": "Inbox",
              "includeAttachments": true,
              "subjectFilter": "new invoice",
              "importance": "Any",
              "fetchOnlyWithAttachment": true
            },
            "authentication": "@parameters('$authentication')"
          }
        }
      },
      "actions": {
        "Run_a_flow_built_with_Power_Automate_for_desktop": {
          "runAfter": {},
          "metadata": {
            "operationMetadataId": "c5252fb4-5ea1-4c69-896e-84db02073085"
          },
          "type": "OpenApiConnection",
          "inputs": {
            "host": {
              "connectionName": "shared_uiflow",
              "operationId": "RunUIFlow_V2",
              "apiId": "/providers/Microsoft.PowerApps/apis/shared_uiflow"
            },
            "parameters": {
              "uiFlowId": "6dc7e569-19ed-40d8-92d4-9aa0a9ae4379",
              "runMode": "attended",
              "item/Amount": "$200",
              "item/Contact": "b.friday@wingtipcups.com",
              "item/Account": "WingTip Cups"
            },
            "authentication": "@parameters('$authentication')"
          }
        },
        "Apply_to_each": {
          "foreach": "@triggerOutputs()?['body/attachments']",
          "actions": {
            "Extract_information_from_documents": {
              "runAfter": {},
              "metadata": {
                "operationMetadataId": "da4347cf-bc01-4fd0-9fe3-9455e45528a6"
              },
              "type": "OpenApiConnection",
              "inputs": {
                "host": {
                  "connectionName": "shared_commondataserviceforapps",
                  "operationId": "aibuilderpredict_formsprocessing",
                  "apiId": "/providers/Microsoft.PowerApps/apis/shared_commondataserviceforapps"
                },
                "parameters": {
                  "recordId": "fbe12c6b-b8e3-4e74-91f6-266128b7f273",
                  "item/requestv2/mimeType": "image/jpeg",
                  "item/requestv2/base64Encoded": "@items('Apply_to_each')?['contentBytes']"
                },
                "authentication": "@parameters('$authentication')"
              }
            },
            "Send_an_email_(V2)": {
              "runAfter": {
                "Extract_information_from_documents": [
                  "Succeeded"
                ]
              },
              "metadata": {
                "operationMetadataId": "e3a544ca-9242-4243-a097-cf0c09e05d56"
              },
              "type": "OpenApiConnection",
              "inputs": {
                "host": {
                  "connectionName": "shared_office365",
                  "operationId": "SendEmailV2",
                  "apiId": "/providers/Microsoft.PowerApps/apis/shared_office365"
                },
                "parameters": {
                  "emailMessage/To": "@triggerOutputs()?['body/from']",
                  "emailMessage/Subject": "Thanks for sending the invoice",
                  "emailMessage/Body": "<p>We received an invoice with the details below:<br>\nTotal: @{outputs('Extract_information_from_documents')?['body/responsev2/predictionOutput/labels/Total/value']}<br>\nDate: @{outputs('Extract_information_from_documents')?['body/responsev2/predictionOutput/labels/Date/value']}<br>\nContact: @{outputs('Extract_information_from_documents')?['body/responsev2/predictionOutput/labels/Contact/value']}<br>\nBill to: @{outputs('Extract_information_from_documents')?['body/responsev2/predictionOutput/labels/Bill_0029ec7811889396dc7d77dce8d8fb3ec23/value']}<br>\n<br>\nWe will process and get back to you shortly.<br>\n<br>\nThanks, <br>\nContoso Coffee Shop<br>\n</p>",
                  "emailMessage/Importance": "Normal"
                },
                "authentication": "@parameters('$authentication')"
              }
            }
          },
          "runAfter": {
            "Run_a_flow_built_with_Power_Automate_for_desktop": [
              "Succeeded"
            ]
          },
          "metadata": {
            "operationMetadataId": "8f4bf797-5c27-48db-bf78-b3ec106e0659"
          },
          "type": "Foreach"
        }
      }
    },
    "templateName": ""
  },
  "schemaVersion": "1.0.0.0"
}